id,particion,area,documentos_pendientes,equipo_pendiente,choque_agenda,modalidad_remota,acceso_remoto_pendiente,aprobacion_especial,requiere_intervencion,prediccion_baseline
C001,calibracion,operaciones,0,1,0,0,0,0,1,1
C002,calibracion,ventas,0,0,0,0,0,0,0,0
C003,calibracion,tecnologia,0,1,0,0,0,0,1,1
C004,calibracion,administracion,0,0,0,1,0,0,0,0
C005,calibracion,operaciones,0,0,0,1,0,0,0,0
C006,calibracion,ventas,0,0,0,1,0,0,0,0
C007,calibracion,tecnologia,0,0,0,0,0,0,0,0
C008,calibracion,administracion,0,0,0,0,0,0,0,0
C009,calibracion,operaciones,0,0,1,1,0,0,1,1
C010,calibracion,ventas,0,0,1,1,0,0,1,1
C011,calibracion,tecnologia,0,0,0,1,0,0,0,0
C012,calibracion,administracion,0,0,0,0,0,0,0,0
C013,calibracion,operaciones,0,0,0,0,0,0,0,0
C014,calibracion,ventas,0,0,1,0,0,0,1,1
C015,calibracion,tecnologia,0,0,0,0,0,0,0,0
C016,calibracion,administracion,1,0,0,0,0,0,1,1
C017,calibracion,operaciones,0,0,1,0,0,1,1,1
C018,calibracion,ventas,0,0,0,0,0,0,0,0
C019,calibracion,tecnologia,0,0,0,0,0,0,0,0
C020,calibracion,administracion,0,1,0,1,0,1,1,1
C021,calibracion,operaciones,0,0,0,1,0,0,0,0
C022,calibracion,ventas,1,0,0,0,0,1,1,1
C023,calibracion,tecnologia,0,0,0,0,0,1,1,0
C024,calibracion,administracion,0,0,0,1,1,0,1,0
C025,calibracion,operaciones,0,0,0,0,0,0,0,0
C026,calibracion,ventas,0,0,0,1,0,0,0,0
C027,calibracion,tecnologia,0,0,0,1,0,0,0,0
C028,calibracion,administracion,0,0,1,0,0,0,1,1
C029,calibracion,operaciones,1,0,0,1,0,0,1,1
C030,calibracion,ventas,1,0,0,1,0,0,1,1
C031,calibracion,tecnologia,0,1,0,0,0,0,1,1
C032,calibracion,administracion,1,0,1,0,0,0,1,1
C033,calibracion,operaciones,0,0,1,1,0,0,1,1
C034,calibracion,ventas,1,0,0,1,0,0,1,1
C035,calibracion,tecnologia,1,1,0,1,0,0,1,1
C036,calibracion,administracion,1,1,1,0,0,0,1,1
C037,calibracion,operaciones,0,0,0,1,1,0,1,0
C038,calibracion,ventas,0,0,0,1,0,0,0,0
C039,calibracion,tecnologia,0,0,0,1,0,0,0,0
C040,calibracion,administracion,1,0,0,0,0,1,1,1
C041,calibracion,operaciones,0,0,1,0,0,0,1,1
C042,calibracion,ventas,0,1,0,0,0,0,1,1
C043,calibracion,tecnologia,0,1,0,0,0,0,1,1
C044,calibracion,administracion,0,1,1,1,0,0,1,1
C045,calibracion,operaciones,0,0,0,1,0,1,1,0
C046,calibracion,ventas,1,0,0,0,0,0,1,1
C047,calibracion,tecnologia,0,1,0,0,0,0,1,1
C048,calibracion,administracion,0,0,1,1,0,0,1,1
C049,calibracion,operaciones,0,0,0,0,0,0,0,0
C050,calibracion,ventas,0,1,0,1,0,0,1,1
C051,calibracion,tecnologia,0,0,0,0,0,0,0,0
C052,calibracion,administracion,0,0,0,1,1,0,1,0
C053,calibracion,operaciones,0,0,0,0,0,0,0,0
C054,calibracion,ventas,1,0,0,1,1,0,1,1
C055,calibracion,tecnologia,0,1,0,0,0,0,1,1
C056,calibracion,administracion,0,0,0,0,0,0,0,0
C057,calibracion,operaciones,1,0,0,0,0,0,1,1
C058,calibracion,ventas,0,1,0,1,0,0,1,1
C059,calibracion,tecnologia,1,0,0,1,0,0,1,1
C060,calibracion,administracion,1,1,1,0,0,0,1,1
C061,validacion,operaciones,0,1,0,0,0,0,1,1
C062,validacion,ventas,1,0,0,1,0,0,1,1
C063,validacion,tecnologia,0,0,0,0,0,0,0,0
C064,validacion,administracion,0,0,1,0,0,0,1,1
C065,validacion,operaciones,1,0,0,0,0,1,1,1
C066,validacion,ventas,0,0,0,1,0,0,0,0
C067,validacion,tecnologia,0,0,0,1,0,0,0,0
C068,validacion,administracion,1,0,0,0,0,0,1,1
C069,validacion,operaciones,0,0,0,0,0,0,0,0
C070,validacion,ventas,0,1,1,1,0,0,1,1
C071,validacion,tecnologia,1,0,0,0,0,0,1,1
C072,validacion,administracion,1,0,0,0,0,0,1,1
C073,validacion,operaciones,0,0,0,1,0,0,0,0
C074,validacion,ventas,1,0,0,1,0,0,1,1
C075,validacion,tecnologia,0,0,0,0,0,1,1,0
C076,validacion,administracion,0,0,0,0,0,0,0,0
C077,validacion,operaciones,0,0,0,0,0,0,0,0
C078,validacion,ventas,0,0,0,0,0,0,0,0
C079,validacion,tecnologia,1,0,0,1,0,0,1,1
C080,validacion,administracion,0,0,0,0,0,0,0,0
